claim_id,claim,status,scope,evidence_strength,source,alternative,refutation_test,evidence_ids
C01,"Las 715 filas de los 5 planes afectados tienen planned_date = NULL en PostgreSQL",PROVEN,temporal,DIRECT,"weekly_plan_items (Tablero Principal)",Filtro de consulta o error de cliente,SELECT COUNT(*) FROM weekly_plan_items WHERE plan_id IN (5 planes) AND planned_date IS NULL,"E003"
C02,"El RPC en vivo en produccion contiene ON CONFLICT DO NOTHING (2026091401)",PROVEN,database,DIRECT,"pg_proc / pg_get_functiondef (MD5: 96316db12584401945784bb5c2f83d36)",La migracion 2026092801 ya fue aplicada,Consultar definicion y hash de sync_weekly_plan_items_rpc en base de datos en vivo,"E001,E002"
C03,"El ON CONFLICT DO NOTHING impide que re-materializaciones posteriores asignen planned_date a filas preexistentes con la misma secuencia",PROVEN,engine,DIRECT,"PostgreSQL SQL semantics / tests pgTAP",El DO NOTHING actualiza columnas si el conflicto ocurre en otra llave,Insertar fila con secuencia existente y planned_date en conflicto demostrando que no actualiza,"E001,E003"
C04-A,"El RPC vivo 2026091401 contiene filtro que rechaza items sin planned_date (AND item->>'planned_date' IS NOT NULL)",PROVEN,database,DIRECT,"pg_proc / 2026091401_sync_weekly_plan_items_rpc.sql:L60",El RPC acepta items sin planned_date,Verificar clausula WHERE en definicion viva de sync_weekly_plan_items_rpc,"E001"
C04-B,"Las 715 filas de los 5 planes afectados tienen planned_date = NULL",PROVEN,temporal,DIRECT,"weekly_plan_items (Tablero Principal)",Filtro de consulta o error de cliente,SELECT COUNT(*) FROM weekly_plan_items WHERE plan_id IN (5 planes) AND planned_date IS NULL,"E003"
C04-C,"El RPC vivo 2026091401 origino las 715 filas con planned_date = NULL",CONTRADICTED,provenance,DIRECT,"E001 (filtro IS NOT NULL) vs E003 (filas NULL)",Otro writer historico / fallback / batch insert anterior las creo,Demostrar que 2026091401 puede insertar filas con planned_date NULL o identificar writer real,"E001,E003"
C05,"Ninguna de las 1.426 filas de la semana 2026-09-28 en base de datos posee occurrence_key poblado (A6: Autoridad)",PROVEN,schema,DIRECT,"weekly_plan_items",El fallback syncWeeklyPlanForBoard genero las filas con occurrence_key,SELECT COUNT(*) FROM weekly_plan_items WHERE occurrence_key IS NOT NULL,"E003"
C06,"El productor scheduleMaterializationService.ts no envia occurrence_key ni poa_activity_zone_id en su payload RPC (A1: Writers)",PROVEN,frontend,DIRECT,"src/lib/scheduleMaterializationService.ts:L280-L294",El frontend calcula y envia el DTO completo,Inspeccionar mapeo dtoItems en scheduleMaterializationService.ts,"E005"
C07-A,"CONTROL: Las 711 filas de los 5 planes sanos tienen poa_activity_zone_id = 2969b907..., coincidiendo con la resolucion actual LIMIT 1",PROVEN,database,DIRECT,"weekly_plan_items / poa_activity_zones",Las zonas de control provienen de un calculo canonico,Comparar ID de control contra SELECT id FROM poa_activity_zones LIMIT 1,"E001,E003,E004"
C07-B,"AFFECTED: Las 715 filas de los 5 planes afectados tienen poa_activity_zone_id = 5eb5a0f9..., que NO coincide con el LIMIT 1 actual",PROVEN,database,DIRECT,"weekly_plan_items / poa_activity_zones",Las 715 filas provienen del LIMIT 1 actual,Comparar 5eb5a0f9... contra el resultado de SELECT id FROM poa_activity_zones LIMIT 1,"E001,E003,E004"
C07-C,"ORIGEN: Que proceso o writer historico produjo la asignacion 5eb5a0f9... en las 715 filas afectadas",OPEN,provenance,INSUFFICIENT,"weekly_plan_items (creadas 2026-09-28 06:22:54 UTC)",Un trigger o script previo con diferente orden LIMIT 1 las creo,Rastrear logs Supabase o historial de commits de funciones de materializacion,"E003,E006"
C08,"Las superficies Mis actividades (/my-work) y Verificacion (/verification) resuelven sitios por weekly_plans.group_id y no filtran por poa_activity_zone_id",PROVEN,ui,DIRECT,"src/hooks/useWeeklyPlans.ts, src/components/actividades/SiteListView.tsx, src/hooks/useVerificationQueue.ts",La UI oculta tareas si la zona no coincide con el POA,Inspeccionar consultas PostgREST y funciones de proyeccion en memoria,"E005"
C09,"La UI esta funcionalmente desacoplada de poa_activity_zone_id pero el motor de Acta/Billing esta contractualmente acoplado; el impacto financiero actual es 0 por ausencia de Actas y ejecuciones",PROVEN,architecture,DIRECT,"20260730_generate_acta_draft_lock_board.sql:L75 vs E006",La generacion de actas no requiere poa_activity_zone_id o existen actas emitidas afectadas,Verificar JOIN paz en generate_acta_draft y conteo de actas en base de datos,"E005,E006"
C10,"Cero filas en los 10 planes de la semana tienen registros de ejecucion fisica (executed_qty = 0, executed_jr = 0, weekly_plan_item_executions = 0)",PROVEN,operations,DIRECT,"weekly_plan_items, weekly_plan_item_executions",Existen ejecuciones en curso en campo que serian alteradas,SELECT COUNT(*) FROM weekly_plan_item_executions WHERE plan_item_id IN (1426 items),"E003,E006"
C11,"Cero filas en los 10 planes de la semana tienen overrides manuales de supervisor (is_manual_override = false)",PROVEN,operations,DIRECT,"weekly_plan_items",Supervisores modificaron fechas manualmente que serian revertidas,SELECT COUNT(*) FROM weekly_plan_items WHERE is_manual_override = true,"E003"
C12,"334 actividades de las 715 afectadas (y 431 de las de control) permanecen sin resolucion canonica en poa_activity_zones (UNRESOLVED)",OPEN,domain,STRONG,"poa_activities vs board_activity_standards vs poa_zone_mappings",Todas las actividades operacionales tienen correspondencia contractual en el POA actual,Cotejar estandares operativos de cuadrilla contra line-items contractuales del POA activo,"E004,E006"
